title,price
Cyberpunk 2077,99.95
Cult of the Lamb,32.47
Cyberpunk 2077: Phantom Liberty,84.99
Persona 3 Reload,179.94
Grand Theft Auto V,49.61
Team Fortress 2,
Monster Hunter: World,32.96
Borderlands 3,11.99
The Witcher 3: Wild Hunt,32.49
Stardew Valley,19.99
Monster Hunter World: Iceborne,51.76
MONSTER HUNTER RISE,34.97
Battlefield™ 2042,37.35
Call of Duty®: Black Ops III,90.42
Fallout 4,23.99
Two Point Campus,31.1
DOOM Eternal,37.25
CODE VEIN,22.49
Phasmophobia,22.31
Overcooked! 2,14.97
Call of Duty®: Black Ops Cold War,90.42
Need for Speed™ Unbound,29.9
Call of Duty®: Modern Warfare® II,159.5
Need for Speed™ Heat,27.9
Two Point Hospital,31.0
Alien: Isolation,35.8
Dying Light,22.49
Battlefield™ V,34.35
DOOM,12.3
Digimon World: Next Order,81.8
ACE COMBAT™ 7: SKIES UNKNOWN,36.78
A Way Out,17.8
Deep Rock Galactic,19.13
Call of Duty®: Modern Warfare® Remastered (2017),92.0
BIOMUTANT,18.75
TEKKEN 8,267.75
Call of Duty®: Modern Warfare®,90.42
Abiotic Factor,59.19
Battlefield™ 1,29.85
Inscryption,19.99
Bloodstained: Ritual of the Night,18.87
F1® 24,287.4
Senua’s Saga: Hellblade II,183.2
Starfield,200.33
Cult of the Lamb: Sinful Pack,12.74
Battlefield 4™,29.85
Hi-Fi RUSH,65.4
Content Warning,21.19
Wolfenstein II: The New Colossus,23.25
Avatar: Frontiers of Pandora™,149.99
